-- SQL subset: PoC + Constellation
BEGIN TRANSACTION;

DROP TABLE IF EXISTS constellation_number;
CREATE TABLE constellation_number (
  constellation_id INTEGER,
  constellation_value INTEGER
);
INSERT INTO constellation_number (constellation_id, constellation_value) VALUES
  (1, NULL),
  (2, 3),
  (3, 4),
  (4, 6),
  (5, 7);

DROP TABLE IF EXISTS champion;
CREATE TABLE champion (
  champion_id INTEGER,
  champion_name TEXT,
  cost_id INTEGER,
  poc INTEGER,
  champion_icon TEXT,
  stars_id INTEGER,
  lor_exclusive INTEGER,
  constellation_number_id INTEGER,
  level_id INTEGER,
  region_id INTEGER
);
INSERT INTO champion (champion_id, champion_name, cost_id, poc, champion_icon, stars_id, lor_exclusive, constellation_number_id, level_id, region_id) VALUES
  (1, 'Aatrox', 6, 1, NULL, 6, 0, 4, 43, 12),
  (2, 'Ahri', 2, 1, NULL, 5, 0, 4, 41, 5),
  (3, 'Akali', 0, 0, NULL, 0, 0, 1, 1, 13),
  (4, 'Akshan', 2, 1, NULL, 5, 0, 4, 41, 9),
  (5, 'Alistar', 0, 0, NULL, 0, 0, 1, 1, 13),
  (6, 'Ambessa', 4, 1, NULL, 6, 0, 4, 41, 6),
  (7, 'Amumu', 0, 0, NULL, 0, 0, 1, 1, 13),
  (8, 'Anivia', 6, 1, NULL, 6, 0, 4, 42, 4),
  (9, 'Annie', 1, 1, NULL, 5, 0, 4, 41, 6),
  (10, 'Aphelios', 3, 0, NULL, 0, 0, 1, 1, 10),
  (11, 'Ashe', 4, 1, NULL, 6, 0, 4, 41, 4),
  (12, 'Aurelion Sol', 10, 1, NULL, 4, 0, 3, 48, 10),
  (13, 'Aurora', 0, 0, NULL, 0, 0, 1, 1, 13),
  (14, 'Azir', 3, 1, NULL, 6, 0, 4, 41, 9),
  (15, 'Bard', 4, 1, NULL, 3, 0, 2, 41, 12),
  (16, 'Bel''Veth', 0, 0, NULL, 0, 0, 1, 1, 13),
  (17, 'Blitzcrank', 0, 0, NULL, 0, 0, 1, 1, 13),
  (18, 'Brand', 0, 0, NULL, 0, 0, 1, 1, 13),
  (19, 'Braum', 4, 0, NULL, 0, 0, 1, 1, 4),
  (20, 'Briar', 0, 0, NULL, 0, 0, 1, 1, 13),
  (21, 'Caitlyn', 3, 1, NULL, 6, 0, 4, 51, 7),
  (22, 'Camille', 0, 0, NULL, 0, 0, 1, 1, 13),
  (23, 'Cassiopeia', 0, 0, NULL, 0, 0, 1, 1, 13),
  (24, 'Cho’Gath', 0, 0, NULL, 0, 0, 1, 1, 13),
  (25, 'Corki', 0, 0, NULL, 0, 0, 1, 1, 13),
  (26, 'Darius', 6, 1, NULL, 6, 0, 4, 41, 6),
  (27, 'Diana', 2, 1, NULL, 3, 0, 2, 41, 10),
  (28, 'Dr. Mundo', 0, 0, NULL, 0, 0, 1, 1, 13),
  (29, 'Draven', 3, 0, NULL, 0, 0, 1, 1, 6),
  (30, 'Ekko', 4, 1, NULL, 5, 0, 4, 41, 7),
  (31, 'Elder Dragon', 12, 1, NULL, 6, 1, 4, 42, 12),
  (32, 'Elise', 2, 1, NULL, 6, 0, 4, 44, 8),
  (33, 'Evelynn', 4, 1, NULL, 6, 0, 4, 41, 12),
  (34, 'Ezreal', 3, 0, NULL, 0, 0, 1, 1, 7),
  (35, 'Fiddlesticks', 3, 1, NULL, 6, 0, 4, 48, 12),
  (36, 'Fiora', 4, 0, NULL, 0, 0, 1, 1, 4),
  (37, 'Fizz', 1, 0, NULL, 0, 0, 1, 1, 1),
  (38, 'Galio', 7, 0, NULL, 0, 0, 1, 1, 4),
  (39, 'Gangplank', 5, 0, NULL, 0, 0, 1, 1, 2),
  (40, 'Garen', 5, 1, NULL, 3, 0, 2, 41, 3),
  (41, 'Gnar', 4, 1, NULL, 3, 0, 2, 43, 1),
  (42, 'Gragas', 0, 0, NULL, 0, 0, 1, 1, 13),
  (43, 'Graves', 0, 0, NULL, 0, 0, 1, 1, 13),
  (44, 'Gwen', 4, 1, NULL, 6, 0, 4, 41, 8),
  (45, 'Hecarim', 6, 0, NULL, 0, 0, 1, 1, 8),
  (46, 'Heimerdinger', 5, 1, NULL, 6, 0, 4, 41, 1),
  (47, 'Hwei', 0, 0, NULL, 0, 0, 1, 1, 13),
  (48, 'Illaoi', 4, 1, NULL, 3, 0, 2, 41, 2),
  (49, 'Irelia', 3, 0, NULL, 0, 0, 1, 1, 5),
  (50, 'Ivern', 0, 0, NULL, 0, 0, 1, 1, 13),
  (51, 'Jack', 4, 1, NULL, 3, 1, 2, 41, 2),
  (52, 'Janna', 4, 1, NULL, 3, 0, 2, 41, 7),
  (53, 'Jarvan IV', 6, 0, NULL, 0, 0, 1, 1, 3),
  (54, 'Jax', 2, 1, NULL, 3, 0, 2, 41, 12),
  (55, 'Jayce', 4, 1, NULL, 5, 0, 4, 41, 7),
  (56, 'Jhin', 4, 1, NULL, 5, 0, 4, 42, 12),
  (57, 'Jinx', 4, 1, NULL, 6, 0, 4, 44, 7),
  (58, 'K’Sante', 0, 0, NULL, 0, 0, 1, 1, 13),
  (59, 'Kai’Sa', 5, 1, NULL, 6, 0, 4, 41, 9),
  (60, 'Kalista', 3, 0, NULL, 0, 0, 1, 1, 8),
  (61, 'Karma', 5, 0, NULL, 0, 0, 1, 1, 5),
  (62, 'Karthus', 0, 0, NULL, 0, 0, 1, 1, 13),
  (63, 'Kassadin', 0, 0, NULL, 0, 0, 1, 1, 13),
  (64, 'Katarina', 3, 0, NULL, 0, 0, 1, 1, 6),
  (65, 'Kayle', 5, 1, NULL, 5, 0, 4, 41, 10),
  (66, 'Kayn', 5, 1, NULL, 3, 0, 2, 41, 12),
  (67, 'Kennen', 1, 0, NULL, 0, 0, 1, 1, 5),
  (68, 'Kha’Zix', 0, 0, NULL, 0, 0, 1, 1, 13),
  (69, 'Kindred', 4, 1, NULL, 3, 0, 2, 44, 8),
  (70, 'Kled', 0, 0, NULL, 0, 0, 1, 1, 13),
  (71, 'Kog’Maw', 0, 0, NULL, 0, 0, 1, 1, 13),
  (72, 'LeBlanc', 3, 1, NULL, 3, 0, 2, 41, 6),
  (73, 'Lee Sin', 5, 1, NULL, 3, 0, 2, 41, 5),
  (74, 'Leona', 5, 1, NULL, 6, 0, 4, 41, 10),
  (75, 'Lillia', 3, 1, NULL, 6, 0, 4, 41, 5),
  (76, 'Lissandra', 3, 0, NULL, 0, 0, 1, 1, 4),
  (77, 'Locke', 0, 0, NULL, 0, 0, 1, 1, 13),
  (78, 'Lucian', 1, 0, NULL, 0, 0, 1, 1, 3),
  (79, 'Lulu', 3, 0, NULL, 0, 0, 1, 1, 1),
  (80, 'Lux', 5, 1, NULL, 6, 0, 4, 41, 3),
  (81, 'Lux : Illuminated', 3, 1, NULL, 6, 1, 4, 41, 3),
  (82, 'Malphite', 7, 0, NULL, 0, 0, 1, 1, 10),
  (83, 'Malzahar', 0, 0, NULL, 0, 0, 1, 1, 13),
  (84, 'Maokai', 4, 0, NULL, 0, 0, 1, 1, 8),
  (85, 'Master Yi', 2, 1, NULL, 3, 0, 2, 41, 5),
  (86, 'Mel', 3, 1, NULL, 5, 0, 4, 41, 6),
  (87, 'Milio', 0, 0, NULL, 0, 0, 1, 1, 13),
  (88, 'Miss Fortune', 3, 1, NULL, 6, 0, 4, 41, 2),
  (89, 'Mordekaiser', 7, 1, NULL, 3, 0, 2, 44, 8),
  (90, 'Morgana', 5, 1, NULL, 6, 0, 4, 41, 3),
  (91, 'Naafiri', 0, 0, NULL, 0, 0, 1, 1, 13),
  (92, 'Nami', 3, 1, NULL, 3, 0, 2, 41, 2),
  (93, 'Nasus', 6, 1, NULL, 6, 0, 4, 41, 9),
  (94, 'Nautilus', 7, 1, NULL, 6, 0, 4, 41, 2),
  (95, 'Neeko', 2, 1, NULL, 5, 0, 4, 41, 12),
  (96, 'Nidalee', 4, 1, NULL, 3, 0, 2, 41, 9),
  (97, 'Nilah', 2, 1, NULL, 3, 0, 2, 41, 2),
  (98, 'Nocturne', 4, 0, NULL, 0, 0, 1, 1, 8),
  (99, 'Norra', 2, 1, NULL, 6, 1, 4, 41, 1),
  (100, 'Nunu & Willump', 0, 0, NULL, 0, 0, 1, 1, 13),
  (101, 'Olaf', 0, 0, NULL, 0, 0, 1, 1, 13),
  (102, 'Orianna', 0, 0, NULL, 0, 0, 1, 1, 13),
  (103, 'Ornn', 7, 1, NULL, 3, 0, 2, 45, 4),
  (104, 'Pantheon', 4, 0, NULL, 0, 0, 1, 1, 10),
  (105, 'Poppy', 4, 0, NULL, 0, 0, 1, 1, 1),
  (106, 'Pyke', 5, 1, NULL, 6, 0, 4, 41, 2),
  (107, 'Qiyanna', 0, 0, NULL, 0, 0, 1, 1, 13),
  (108, 'Quinn', 5, 0, NULL, 0, 0, 1, 1, 3),
  (109, 'Rakan', 0, 0, NULL, 0, 0, 1, 1, 13),
  (110, 'Rammus', 0, 0, NULL, 0, 0, 1, 1, 13),
  (111, 'Rek’Sai', 3, 0, NULL, 0, 0, 1, 1, 9),
  (112, 'Rell', 0, 0, NULL, 0, 0, 1, 1, 13),
  (113, 'Renata Glasc', 0, 0, NULL, 0, 0, 1, 1, 13),
  (114, 'Renekton', 4, 0, NULL, 0, 0, 1, 1, 9),
  (115, 'Rengar', 0, 0, NULL, 0, 0, 1, 1, 13),
  (116, 'Riven', 3, 0, NULL, 0, 0, 1, 1, 6),
  (117, 'Rumble', 4, 0, NULL, 0, 0, 1, 1, 1),
  (118, 'Ryze', 4, 0, NULL, 0, 0, 1, 1, 12),
  (119, 'Samira', 2, 1, NULL, 6, 0, 4, 41, 6),
  (120, 'Sejuani', 6, 0, NULL, 0, 0, 1, 1, 4),
  (121, 'Senna', 5, 0, NULL, 0, 0, 1, 1, 8),
  (122, 'Seraphine', 2, 0, NULL, 0, 0, 1, 1, 7),
  (123, 'Sett', 5, 1, NULL, 5, 0, 4, 41, 5),
  (124, 'Shaco', 0, 0, NULL, 0, 0, 1, 1, 13),
  (125, 'Shen', 4, 0, NULL, 0, 0, 1, 1, 5),
  (126, 'Shyvana', 4, 1, NULL, 6, 0, 4, 41, 3),
  (127, 'Singed', 0, 0, NULL, 0, 0, 1, 1, 13),
  (128, 'Sion', 7, 0, NULL, 0, 0, 1, 1, 6),
  (129, 'Sivir', 4, 0, NULL, 0, 0, 1, 1, 9),
  (130, 'Skarner', 0, 0, NULL, 0, 0, 1, 1, 13),
  (131, 'Smolder', 0, 0, NULL, 0, 0, 1, 1, 13),
  (132, 'Sona', 0, 0, NULL, 0, 0, 1, 1, 13),
  (133, 'Soraka', 3, 1, NULL, 5, 0, 4, 40, 10),
  (134, 'Spirit B Ahri', 4, 1, NULL, 6, 1, 5, 51, 11),
  (135, 'Spirit B Evelynn', 4, 1, NULL, 5, 1, 5, 51, 11),
  (136, 'Spirit B Master Yi', 8, 1, NULL, 5, 1, 5, 51, 11),
  (137, 'Spirit B Teemo', 3, 1, NULL, 5, 1, 5, 51, 11),
  (138, 'Spirit B Yasuo', 15, 1, NULL, 5, 1, 5, 51, 11),
  (139, 'Swain', 5, 1, NULL, 6, 0, 4, 40, 6),
  (140, 'Sylas', 0, 0, NULL, 0, 0, 1, 1, 13),
  (141, 'Syndra', 0, 0, NULL, 0, 0, 1, 1, 13),
  (142, 'Tahm Kench', 4, 1, NULL, 3, 0, 2, 34, 2),
  (143, 'Taliyah', 5, 1, NULL, 5, 0, 4, 36, 9),
  (144, 'Talon', 0, 0, NULL, 0, 0, 1, 1, 13),
  (145, 'Taric', 4, 0, NULL, 0, 0, 1, 1, 10),
  (146, 'Teemo', 1, 1, NULL, 3, 0, 2, 36, 1),
  (147, 'The Poro King', 5, 1, NULL, 6, 1, 4, 42, 12),
  (148, 'The Taker', 4, 1, NULL, 6, 1, 5, 51, 11),
  (149, 'Thresh', 5, 1, NULL, 6, 0, 4, 36, 8),
  (150, 'Tristana', 3, 0, NULL, 0, 0, 1, 1, 1),
  (151, 'Trundle', 5, 0, NULL, 0, 0, 1, 1, 4),
  (152, 'Tryndamere', 8, 1, NULL, 6, 0, 4, 41, 4),
  (153, 'Twisted Fate', 4, 1, NULL, 6, 0, 4, 39, 2),
  (154, 'Twitch', 0, 0, NULL, 0, 0, 1, 1, 13),
  (155, 'Udyr', 5, 0, NULL, 0, 0, 1, 1, 4),
  (156, 'Urgot', 0, 0, NULL, 0, 0, 1, 1, 13),
  (157, 'Varus', 4, 1, NULL, 3, 0, 2, 35, 12),
  (158, 'Vayne', 3, 1, NULL, 5, 0, 4, 36, 3),
  (159, 'Veigar', 4, 1, NULL, 3, 0, 2, 38, 1),
  (160, 'Vel’Koz', 0, 0, NULL, 0, 0, 1, 1, 13),
  (161, 'Vex', 4, 1, NULL, 6, 0, 4, 38, 1),
  (162, 'Vi', 5, 1, NULL, 5, 0, 4, 35, 7),
  (163, 'Viego', 6, 1, NULL, 6, 0, 4, 41, 8),
  (164, 'Viktor', 4, 1, NULL, 6, 0, 4, 35, 7),
  (165, 'Vladimir', 5, 0, NULL, 0, 0, 1, 1, 6),
  (166, 'Volibear', 9, 1, NULL, 5, 0, 4, 40, 4),
  (167, 'Warwick', 3, 1, NULL, 6, 0, 4, 37, 7),
  (168, 'Wukong', 0, 0, NULL, 0, 0, 1, 1, 13),
  (169, 'Xayah', 0, 0, NULL, 0, 0, 1, 1, 13),
  (170, 'Xerath', 4, 0, NULL, 0, 0, 1, 1, 9),
  (171, 'Xin Zhao', 0, 0, NULL, 0, 0, 1, 1, 13),
  (172, 'Yasuo', 4, 1, NULL, 6, 0, 4, 38, 5),
  (173, 'Yone', 0, 0, NULL, 0, 0, 1, 1, 13),
  (174, 'Yorick', 0, 0, NULL, 0, 0, 1, 1, 13),
  (175, 'Yunara', 0, 0, NULL, 0, 0, 1, 1, 13),
  (176, 'Yuumi', 3, 1, NULL, 6, 0, 4, 37, 1),
  (177, 'Zaahen', 0, 0, NULL, 0, 0, 1, 1, 13),
  (178, 'Zac', 0, 0, NULL, 0, 0, 1, 1, 13),
  (179, 'Zed', 3, 0, NULL, 0, 0, 1, 1, 5),
  (180, 'Zeri', 0, 0, NULL, 0, 0, 1, 1, 13),
  (181, 'Ziggz', 3, 0, NULL, 0, 0, 1, 1, 1),
  (182, 'Zilean', 2, 0, NULL, 0, 0, 1, 1, 9),
  (183, 'Zoe', 1, 0, NULL, 0, 0, 1, 1, 10),
  (184, 'Zyra', 0, 0, NULL, 0, 0, 1, 1, 13);

DROP TABLE IF EXISTS champion_all_relics;
CREATE TABLE champion_all_relics (
  champion_id INTEGER,
  slot_index INTEGER,
  relic_code TEXT
);
INSERT INTO champion_all_relics (champion_id, slot_index, relic_code) VALUES
  (1, 1, 'Epic_10'),
  (1, 2, 'Epic_11'),
  (1, 3, 'Epic_64'),
  (2, 1, 'Epic_4'),
  (2, 2, 'Epic_15'),
  (2, 3, 'Epic_7'),
  (3, 1, NULL),
  (3, 2, NULL),
  (3, 3, NULL),
  (4, 1, 'Epic_49'),
  (4, 2, 'Epic_4'),
  (4, 3, 'Epic_31'),
  (5, 1, NULL),
  (5, 2, NULL),
  (5, 3, NULL),
  (6, 1, 'Epic_38'),
  (6, 2, 'Epic_23'),
  (6, 3, 'Epic_7'),
  (7, 1, NULL),
  (7, 2, NULL),
  (7, 3, NULL),
  (8, 1, 'Epic_60'),
  (8, 2, 'Epic_20'),
  (8, 3, 'Epic_44'),
  (9, 1, 'Epic_61'),
  (9, 2, 'Epic_4'),
  (9, 3, 'Epic_21'),
  (10, 1, NULL),
  (10, 2, NULL),
  (10, 3, NULL),
  (11, 1, 'Epic_23'),
  (11, 2, 'Epic_7'),
  (11, 3, 'Epic_4'),
  (12, 1, 'Epic_11'),
  (12, 2, 'Epic_13'),
  (12, 3, 'Rare_1'),
  (13, 1, NULL),
  (13, 2, NULL),
  (13, 3, NULL),
  (14, 1, 'Epic_65'),
  (14, 2, 'Epic_67'),
  (14, 3, 'Epic_18'),
  (15, 1, 'Epic_4'),
  (15, 2, 'Epic_28'),
  (15, 3, 'Rare_12'),
  (16, 1, NULL),
  (16, 2, NULL),
  (16, 3, NULL),
  (17, 1, NULL),
  (17, 2, NULL),
  (17, 3, NULL),
  (18, 1, NULL),
  (18, 2, NULL),
  (18, 3, NULL),
  (19, 1, NULL),
  (19, 2, NULL),
  (19, 3, NULL),
  (20, 1, NULL),
  (20, 2, NULL),
  (20, 3, NULL),
  (21, 1, 'Epic_26'),
  (21, 2, 'Epic_39'),
  (21, 3, 'Epic_45'),
  (22, 1, NULL),
  (22, 2, NULL),
  (22, 3, NULL),
  (23, 1, NULL),
  (23, 2, NULL),
  (23, 3, NULL),
  (24, 1, NULL),
  (24, 2, NULL),
  (24, 3, NULL),
  (25, 1, NULL),
  (25, 2, NULL),
  (25, 3, NULL),
  (26, 1, 'Epic_63'),
  (26, 2, 'Epic_11'),
  (26, 3, 'Epic_34'),
  (27, 1, 'Epic_1'),
  (27, 2, 'Epic_4'),
  (27, 3, 'Rare_8'),
  (28, 1, NULL),
  (28, 2, NULL),
  (28, 3, NULL),
  (29, 1, NULL),
  (29, 2, NULL),
  (29, 3, NULL),
  (30, 1, 'Epic_11'),
  (30, 2, 'Epic_16'),
  (30, 3, 'Epic_66'),
  (31, 1, 'Epic_44'),
  (31, 2, 'Epic_11'),
  (31, 3, 'Epic_10'),
  (32, 1, 'Epic_67'),
  (32, 2, 'Epic_9'),
  (32, 3, 'Rare_39'),
  (33, 1, 'Epic_35'),
  (33, 2, 'Epic_9'),
  (33, 3, 'Epic_24'),
  (34, 1, NULL),
  (34, 2, NULL),
  (34, 3, NULL),
  (35, 1, 'Epic_39'),
  (35, 2, 'Epic_21'),
  (35, 3, 'Epic_4'),
  (36, 1, NULL),
  (36, 2, NULL),
  (36, 3, NULL),
  (37, 1, NULL),
  (37, 2, NULL),
  (37, 3, NULL),
  (38, 1, NULL),
  (38, 2, NULL),
  (38, 3, NULL),
  (39, 1, NULL),
  (39, 2, NULL),
  (39, 3, NULL),
  (40, 1, 'Rare_12'),
  (40, 2, 'Rare_30'),
  (40, 3, 'Rare_8'),
  (41, 1, 'Epic_23'),
  (41, 2, 'Epic_7'),
  (41, 3, 'Epic_10'),
  (42, 1, NULL),
  (42, 2, NULL),
  (42, 3, NULL),
  (43, 1, NULL),
  (43, 2, NULL),
  (43, 3, NULL),
  (44, 1, 'Epic_3'),
  (44, 2, 'Rare_33'),
  (44, 3, 'Rare_10'),
  (45, 1, NULL),
  (45, 2, NULL),
  (45, 3, NULL),
  (46, 1, 'Epic_36'),
  (46, 2, 'Rare_42'),
  (46, 3, 'Rare_30'),
  (47, 1, NULL),
  (47, 2, NULL),
  (47, 3, NULL),
  (48, 1, 'Epic_9'),
  (48, 2, 'Epic_11'),
  (48, 3, 'Rare_1'),
  (49, 1, NULL),
  (49, 2, NULL),
  (49, 3, NULL),
  (50, 1, NULL),
  (50, 2, NULL),
  (50, 3, NULL),
  (51, 1, 'Epic_52'),
  (51, 2, 'Epic_11'),
  (51, 3, 'Epic_1'),
  (52, 1, 'Epic_5'),
  (52, 2, 'Epic_7'),
  (52, 3, 'Epic_23'),
  (53, 1, NULL),
  (53, 2, NULL),
  (53, 3, NULL),
  (54, 1, 'Epic_30'),
  (54, 2, 'Epic_2'),
  (54, 3, 'Epic_10'),
  (55, 1, 'Epic_24'),
  (55, 2, 'Epic_39'),
  (55, 3, 'Rare_30'),
  (56, 1, 'Epic_54'),
  (56, 2, 'Epic_29'),
  (56, 3, 'Rare_19'),
  (57, 1, 'Epic_7'),
  (57, 2, 'Epic_4'),
  (57, 3, 'Rare_23'),
  (58, 1, NULL),
  (58, 2, NULL),
  (58, 3, NULL),
  (59, 1, 'Epic_1'),
  (59, 2, 'Epic_29'),
  (59, 3, 'Epic_43'),
  (60, 1, NULL),
  (60, 2, NULL),
  (60, 3, NULL),
  (61, 1, NULL),
  (61, 2, NULL),
  (61, 3, NULL),
  (62, 1, NULL),
  (62, 2, NULL),
  (62, 3, NULL),
  (63, 1, NULL),
  (63, 2, NULL),
  (63, 3, NULL),
  (64, 1, NULL),
  (64, 2, NULL),
  (64, 3, NULL),
  (65, 1, 'Epic_42'),
  (65, 2, 'Epic_12'),
  (65, 3, 'Rare_30'),
  (66, 1, 'Epic_30'),
  (66, 2, 'Epic_64'),
  (66, 3, 'Epic_45'),
  (67, 1, NULL),
  (67, 2, NULL),
  (67, 3, NULL),
  (68, 1, NULL),
  (68, 2, NULL),
  (68, 3, NULL),
  (69, 1, 'Epic_29'),
  (69, 2, 'Epic_7'),
  (69, 3, 'Epic_21'),
  (70, 1, NULL),
  (70, 2, NULL),
  (70, 3, NULL),
  (71, 1, NULL),
  (71, 2, NULL),
  (71, 3, NULL),
  (72, 1, 'Epic_4'),
  (72, 2, 'Rare_35'),
  (72, 3, 'Rare_35'),
  (73, 1, 'Epic_1'),
  (73, 2, 'Epic_12'),
  (73, 3, 'Rare_30'),
  (74, 1, 'Epic_50'),
  (74, 2, 'Epic_15'),
  (74, 3, 'Epic_5'),
  (75, 1, 'Epic_4'),
  (75, 2, 'Rare_35'),
  (75, 3, 'Rare_35'),
  (76, 1, NULL),
  (76, 2, NULL),
  (76, 3, NULL),
  (77, 1, NULL),
  (77, 2, NULL),
  (77, 3, NULL),
  (78, 1, NULL),
  (78, 2, NULL),
  (78, 3, NULL),
  (79, 1, NULL),
  (79, 2, NULL),
  (79, 3, NULL),
  (80, 1, 'Epic_47'),
  (80, 2, 'Epic_19'),
  (80, 3, 'Rare_30'),
  (81, 1, 'Epic_19'),
  (81, 2, 'Epic_18'),
  (81, 3, 'Rare_1'),
  (82, 1, NULL),
  (82, 2, NULL),
  (82, 3, NULL),
  (83, 1, NULL),
  (83, 2, NULL),
  (83, 3, NULL),
  (84, 1, NULL),
  (84, 2, NULL),
  (84, 3, NULL),
  (85, 1, 'Epic_1'),
  (85, 2, 'Epic_4'),
  (85, 3, 'Epic_12'),
  (86, 1, 'Epic_41'),
  (86, 2, 'Epic_4'),
  (86, 3, 'Rare_30'),
  (87, 1, NULL),
  (87, 2, NULL),
  (87, 3, NULL),
  (88, 1, 'Epic_21'),
  (88, 2, 'Epic_29'),
  (88, 3, 'Epic_41'),
  (89, 1, 'Epic_3'),
  (89, 2, 'Epic_8'),
  (89, 3, 'Rare_32'),
  (90, 1, 'Epic_1'),
  (90, 2, 'Rare_30'),
  (90, 3, 'Rare_12'),
  (91, 1, NULL),
  (91, 2, NULL),
  (91, 3, NULL),
  (92, 1, 'Epic_4'),
  (92, 2, 'Epic_1'),
  (92, 3, 'Rare_12'),
  (93, 1, 'Epic_45'),
  (93, 2, 'Epic_4'),
  (93, 3, 'Epic_12'),
  (94, 1, 'Epic_46'),
  (94, 2, 'Epic_11'),
  (94, 3, 'Epic_34'),
  (95, 1, 'Epic_36'),
  (95, 2, 'Epic_10'),
  (95, 3, 'Epic_2'),
  (96, 1, 'Epic_16'),
  (96, 2, 'Epic_10'),
  (96, 3, 'Rare_37'),
  (97, 1, 'Epic_6'),
  (97, 2, 'Rare_28'),
  (97, 3, 'Rare_28'),
  (98, 1, NULL),
  (98, 2, NULL),
  (98, 3, NULL),
  (99, 1, 'Epic_17'),
  (99, 2, 'Rare_29'),
  (99, 3, 'Rare_28'),
  (100, 1, NULL),
  (100, 2, NULL),
  (100, 3, NULL),
  (101, 1, NULL),
  (101, 2, NULL),
  (101, 3, NULL),
  (102, 1, NULL),
  (102, 2, NULL),
  (102, 3, NULL),
  (103, 1, 'Epic_30'),
  (103, 2, 'Epic_11'),
  (103, 3, 'Epic_1'),
  (104, 1, NULL),
  (104, 2, NULL),
  (104, 3, NULL),
  (105, 1, NULL),
  (105, 2, NULL),
  (105, 3, NULL),
  (106, 1, 'Epic_25'),
  (106, 2, 'Epic_10'),
  (106, 3, 'Epic_45'),
  (107, 1, NULL),
  (107, 2, NULL),
  (107, 3, NULL),
  (108, 1, NULL),
  (108, 2, NULL),
  (108, 3, NULL),
  (109, 1, NULL),
  (109, 2, NULL),
  (109, 3, NULL),
  (110, 1, NULL),
  (110, 2, NULL),
  (110, 3, NULL),
  (111, 1, NULL),
  (111, 2, NULL),
  (111, 3, NULL),
  (112, 1, NULL),
  (112, 2, NULL),
  (112, 3, NULL),
  (113, 1, NULL),
  (113, 2, NULL),
  (113, 3, NULL),
  (114, 1, NULL),
  (114, 2, NULL),
  (114, 3, NULL),
  (115, 1, NULL),
  (115, 2, NULL),
  (115, 3, NULL),
  (116, 1, NULL),
  (116, 2, NULL),
  (116, 3, NULL),
  (117, 1, NULL),
  (117, 2, NULL),
  (117, 3, NULL),
  (118, 1, NULL),
  (118, 2, NULL),
  (118, 3, NULL),
  (119, 1, 'Epic_41'),
  (119, 2, 'Epic_29'),
  (119, 3, 'Epic_43'),
  (120, 1, NULL),
  (120, 2, NULL),
  (120, 3, NULL),
  (121, 1, NULL),
  (121, 2, NULL),
  (121, 3, NULL),
  (122, 1, NULL),
  (122, 2, NULL),
  (122, 3, NULL),
  (123, 1, 'Epic_52'),
  (123, 2, 'Epic_8'),
  (123, 3, 'Rare_30'),
  (124, 1, NULL),
  (124, 2, NULL),
  (124, 3, NULL),
  (125, 1, NULL),
  (125, 2, NULL),
  (125, 3, NULL),
  (126, 1, 'Epic_66'),
  (126, 2, 'Epic_4'),
  (126, 3, 'Epic_10'),
  (127, 1, NULL),
  (127, 2, NULL),
  (127, 3, NULL),
  (128, 1, NULL),
  (128, 2, NULL),
  (128, 3, NULL),
  (129, 1, NULL),
  (129, 2, NULL),
  (129, 3, NULL),
  (130, 1, NULL),
  (130, 2, NULL),
  (130, 3, NULL),
  (131, 1, NULL),
  (131, 2, NULL),
  (131, 3, NULL),
  (132, 1, NULL),
  (132, 2, NULL),
  (132, 3, NULL),
  (133, 1, NULL),
  (133, 2, NULL),
  (133, 3, NULL),
  (134, 1, 'Epic_57'),
  (134, 2, 'Epic_10'),
  (134, 3, 'Epic_16'),
  (135, 1, 'Epic_55'),
  (135, 2, 'Epic_15'),
  (135, 3, 'Rare_12'),
  (136, 1, 'Epic_62'),
  (136, 2, 'Epic_4'),
  (136, 3, 'Rare_12'),
  (137, 1, 'Epic_53'),
  (137, 2, 'Epic_39'),
  (137, 3, 'Epic_26'),
  (138, 1, 'Epic_59'),
  (138, 2, 'Epic_22'),
  (138, 3, 'Epic_3'),
  (139, 1, 'Epic_23'),
  (139, 2, 'Epic_7'),
  (139, 3, 'Rare_12'),
  (140, 1, NULL),
  (140, 2, NULL),
  (140, 3, NULL),
  (141, 1, NULL),
  (141, 2, NULL),
  (141, 3, NULL),
  (142, 1, 'Epic_1'),
  (142, 2, 'Epic_40'),
  (142, 3, 'Rare_15'),
  (143, 1, 'Epic_28'),
  (143, 2, 'Epic_8'),
  (143, 3, 'Epic_6'),
  (144, 1, NULL),
  (144, 2, NULL),
  (144, 3, NULL),
  (145, 1, NULL),
  (145, 2, NULL),
  (145, 3, NULL),
  (146, 1, 'Epic_53'),
  (146, 2, 'Epic_2'),
  (146, 3, 'Epic_30'),
  (147, 1, 'Epic_68'),
  (147, 2, 'Epic_12'),
  (147, 3, 'Rare_30'),
  (148, 1, 'Epic_58'),
  (148, 2, 'Epic_57'),
  (148, 3, 'Epic_16'),
  (149, 1, 'Epic_56'),
  (149, 2, 'Rare_32'),
  (149, 3, 'Rare_36'),
  (150, 1, NULL),
  (150, 2, NULL),
  (150, 3, NULL),
  (151, 1, NULL),
  (151, 2, NULL),
  (151, 3, NULL),
  (152, 1, 'Epic_48'),
  (152, 2, 'Epic_4'),
  (152, 3, 'Rare_30'),
  (153, 1, 'Epic_51'),
  (153, 2, 'Epic_7'),
  (153, 3, 'Epic_4'),
  (154, 1, NULL),
  (154, 2, NULL),
  (154, 3, NULL),
  (155, 1, NULL),
  (155, 2, NULL),
  (155, 3, NULL),
  (156, 1, NULL),
  (156, 2, NULL),
  (156, 3, NULL),
  (157, 1, 'Epic_1'),
  (157, 2, 'Epic_31'),
  (157, 3, 'Rare_24'),
  (158, 1, 'Epic_1'),
  (158, 2, 'Epic_2'),
  (158, 3, 'Epic_31'),
  (159, 1, 'Epic_29'),
  (159, 2, 'Epic_28'),
  (159, 3, 'Rare_30'),
  (160, 1, NULL),
  (160, 2, NULL),
  (160, 3, NULL),
  (161, 1, 'Epic_29'),
  (161, 2, 'Epic_31'),
  (161, 3, 'Epic_41'),
  (162, 1, 'Epic_27'),
  (162, 2, 'Epic_3'),
  (162, 3, 'Epic_15'),
  (163, 1, 'Epic_11'),
  (163, 2, 'Epic_16'),
  (163, 3, 'Epic_3'),
  (164, 1, 'Epic_43'),
  (164, 2, 'Epic_4'),
  (164, 3, 'Rare_30'),
  (165, 1, NULL),
  (165, 2, NULL),
  (165, 3, NULL),
  (166, 1, 'Epic_20'),
  (166, 2, 'Epic_1'),
  (166, 3, 'Epic_11'),
  (167, 1, 'Epic_40'),
  (167, 2, 'Epic_29'),
  (167, 3, 'Epic_21'),
  (168, 1, NULL),
  (168, 2, NULL),
  (168, 3, NULL),
  (169, 1, NULL),
  (169, 2, NULL),
  (169, 3, NULL),
  (170, 1, NULL),
  (170, 2, NULL),
  (170, 3, NULL),
  (171, 1, NULL),
  (171, 2, NULL),
  (171, 3, NULL),
  (172, 1, 'Epic_22'),
  (172, 2, 'Epic_4'),
  (172, 3, 'Rare_19'),
  (173, 1, NULL),
  (173, 2, NULL),
  (173, 3, NULL),
  (174, 1, NULL),
  (174, 2, NULL),
  (174, 3, NULL),
  (175, 1, NULL),
  (175, 2, NULL),
  (175, 3, NULL),
  (176, 1, 'Epic_3'),
  (176, 2, 'Epic_43'),
  (176, 3, 'Rare_33'),
  (177, 1, NULL),
  (177, 2, NULL),
  (177, 3, NULL),
  (178, 1, NULL),
  (178, 2, NULL),
  (178, 3, NULL),
  (179, 1, NULL),
  (179, 2, NULL),
  (179, 3, NULL),
  (180, 1, NULL),
  (180, 2, NULL),
  (180, 3, NULL),
  (181, 1, NULL),
  (181, 2, NULL),
  (181, 3, NULL),
  (182, 1, NULL),
  (182, 2, NULL),
  (182, 3, NULL),
  (183, 1, NULL),
  (183, 2, NULL),
  (183, 3, NULL),
  (184, 1, NULL),
  (184, 2, NULL),
  (184, 3, NULL);

DROP TABLE IF EXISTS po_c_champion;
CREATE TABLE po_c_champion (
  po_c_champion_id INTEGER,
  po_c_champion_name TEXT,
  region_id INTEGER,
  cost_id INTEGER,
  stars_id INTEGER,
  constellation_number_id INTEGER,
  poc INTEGER,
  fragments_id TEXT,
  star_crystal_id TEXT,
  gemstone_id TEXT,
  crystal_nova_id TEXT
);
INSERT INTO po_c_champion (po_c_champion_id, po_c_champion_name, region_id, cost_id, stars_id, constellation_number_id, poc, fragments_id, star_crystal_id, gemstone_id, crystal_nova_id) VALUES
  (1, 'Aatrox', 12, 6, 6, 4, 1, NULL, NULL, NULL, NULL);

DROP TABLE IF EXISTS poc_champion;
CREATE TABLE poc_champion AS
SELECT * FROM champion WHERE poc = 1;

DROP TABLE IF EXISTS poc_champion_all_relics;
CREATE TABLE poc_champion_all_relics AS
SELECT car.champion_id, car.slot_index, car.relic_code
FROM champion_all_relics car
JOIN poc_champion pc ON pc.champion_id = car.champion_id;

COMMIT;
